{"cameraMode":{"drawMode":0,"name":"Shaded","section":"Shading Mode"},"sceneLighting":true,"audioPlay":false,"sceneViewState":{"m_AlwaysRefresh":false,"showFog":true,"showSkybox":true,"showFlares":true,"showImageEffects":true,"showParticleSystems":true,"showVisualEffectGraphs":true,"m_FxEnabled":false},"in2DMode":false,"pivot":{"x":29.940933227539064,"y":7.4326982498168949,"z":-556.8458251953125},"rotation":{"x":-0.013155446387827397,"y":0.749358594417572,"z":-0.015199821442365647,"w":-0.6621842384338379},"size":0.8476613759994507,"orthographic":false}