{"cameraMode":{"drawMode":0,"name":"Shaded","section":"Shading Mode"},"sceneLighting":false,"audioPlay":false,"sceneViewState":{"m_AlwaysRefresh":false,"showFog":true,"showSkybox":false,"showFlares":true,"showImageEffects":true,"showParticleSystems":true,"showVisualEffectGraphs":true,"m_FxEnabled":false},"in2DMode":false,"pivot":{"x":-2.6043295860290529,"y":2.069399833679199,"z":171.8568115234375},"rotation":{"x":0.025026937946677209,"y":0.6646031737327576,"z":0.021517353132367135,"w":-0.7466692924499512},"size":8.148774147033692,"orthographic":false}