{"cameraMode":{"drawMode":0,"name":"Shaded","section":"Shading Mode"},"sceneLighting":false,"audioPlay":false,"sceneViewState":{"m_AlwaysRefresh":false,"showFog":true,"showSkybox":false,"showFlares":true,"showImageEffects":true,"showParticleSystems":true,"showVisualEffectGraphs":true,"m_FxEnabled":false},"in2DMode":false,"pivot":{"x":0.7084634304046631,"y":0.20842376351356507,"z":0.7247510552406311},"rotation":{"x":-0.1633242964744568,"y":0.1862996220588684,"z":-0.031610116362571719,"w":-0.9685114622116089},"size":1.5861830711364747,"orthographic":false}